LU_ID,Land-Use,Sub Crop,PerAcreORPerCell,TopographySlopes,StreamBorder,Year,Time of Year,Frequency,Time - Cost Type,Action - Cost Type,Fixed/Variable,Cost Name,# Labor Hours,Value,Context and/ or Calculations ,Description,Citation
15,Mixed Fruits and Vegetables,Winter Squash,,,,1,,Annual,Preharvest,Inputs,Variable,Lime,,10,0.5 ton/acre * $20/ton,,http://www.uky.edu/ccd/tools/budgets
15,Mixed Fruits and Vegetables,Winter Squash,,,,1,,Annual,Preharvest,Inputs,Variable,N Fertilizer: Urea,,40,100lbs @ $0.40/lb,,http://www.uky.edu/ccd/tools/budgets
15,Mixed Fruits and Vegetables,Winter Squash,,,,1,,Annual,Preharvest,Inputs,Variable,K Fertilizer: Potash (0-0-60),,24,80lbs @ $0.30/lb,,http://www.uky.edu/ccd/tools/budgets
15,Mixed Fruits and Vegetables,Winter Squash,,,,1,,Annual,Preharvest,Inputs,Variable,N Fertilizer: Fertigation (Calcium Nitrate),,69.3,154lbs @ $0.45/lb,,http://www.uky.edu/ccd/tools/budgets
15,Mixed Fruits and Vegetables,Winter Squash,,,,1,,Annual,Preharvest,Inputs,Variable,Seed,,120,2 lbs/acre * $60/lb,,http://www.uky.edu/ccd/tools/budgets
15,Mixed Fruits and Vegetables,Winter Squash,,,,1,,Annual,Preharvest,Machinery,Variable,Black Plastic/Drip Lines,,373,$373/acre,,http://www.uky.edu/ccd/tools/budgets
15,Mixed Fruits and Vegetables,Winter Squash,,,,1,,Annual,Preharvest,Inputs,Variable,Herbicides,,12.69,$12.69/acre,,http://www.uky.edu/ccd/tools/budgets
15,Mixed Fruits and Vegetables,Winter Squash,,,,1,,Annual,Preharvest,Inputs,Variable,Insecticides,,29.85,$29.85/acre,,http://www.uky.edu/ccd/tools/budgets
15,Mixed Fruits and Vegetables,Winter Squash,,,,1,,Annual,Preharvest,Inputs,Variable,Fungicides,,264.06,$246.06/acre,,http://www.uky.edu/ccd/tools/budgets
15,Mixed Fruits and Vegetables,Winter Squash,,,,1,,Annual,Preharvest,Inputs,Variable,Pollination,,75,$75.00/hive * 1 hive/acre,,http://www.uky.edu/ccd/tools/budgets
15,Mixed Fruits and Vegetables,Winter Squash,,,,1,,Annual,Preharvest,Machinery,Variable,Machinery Variable Costs,,43.61,$43.61/acre,,http://www.uky.edu/ccd/tools/budgets
15,Mixed Fruits and Vegetables,Winter Squash,,,,1,,Annual,Harvest,Other,Variable,Boxes,,525,375 boxes/acre * $1.40/box,,http://www.uky.edu/ccd/tools/budgets
15,Mixed Fruits and Vegetables,Winter Squash,,,,1,,Annual,Harvest,Labor,Variable,Plastic Disposal,10,125,10 hrs/acre * $12.50/hr,,http://www.uky.edu/ccd/tools/budgets
15,Mixed Fruits and Vegetables,Winter Squash,,,,1,,Annual,Harvest,Other,Variable,Plastic Disposal Fee,,10,disposal fee assumed @ $10/acre,,http://www.uky.edu/ccd/tools/budgets
15,Mixed Fruits and Vegetables,Winter Squash,,,,1,,Annual,Harvest,Labor,Variable,Hired Labor (Harvesting/ Hauling/ Handling),60,750,60 hours/acre * $12.50/hr,,http://www.uky.edu/ccd/tools/budgets
15,Mixed Fruits and Vegetables,Winter Squash,,,,1,,Annual,Harvest,Other,Variable,Marketing Costs,,450,assumed 10% gross,,http://www.uky.edu/ccd/tools/budgets
15,Mixed Fruits and Vegetables,Winter Squash,,,,1,,Annual,Harvest,Other,Variable,Hauling Variable Costs,,187.5,375 boxes/acre * $0.50/box for hauling,,http://www.uky.edu/ccd/tools/budgets
15,Mixed Fruits and Vegetables,Winter Squash,,,,1,,Annual,Fixed,Machinery,Fixed ,Machinery and Equipment ,,68.99,calculations not provided,,http://www.uky.edu/ccd/tools/budgets
15,Mixed Fruits and Vegetables,Winter Squash,,,,1,,Annual,Fixed,Machinery,Fixed,Depreciation on Irrigation System,,322.8,calculations not provided,,http://www.uky.edu/ccd/tools/budgets
15,Mixed Fruits and Vegetables,Winter Squash,,,,1,,Annual,Fixed,Land,Fixed,Taxes on Land ,,5,calculations not provided,,http://www.uky.edu/ccd/tools/budgets
15,Mixed Fruits and Vegetables,Winter Squash,,,,1,,Annual,Fixed,Other,Fixed,Insurance ,,37.523803,calculations not provided,,http://www.uky.edu/ccd/tools/budgets
15,Mixed Fruits and Vegetables,Winter Squash,,,,1,,Annual,Preharvest,Labor,Variable,Operator and Unpaid Family Labor,15,225,15 hrs/acre * $15/hr,,http://www.uky.edu/ccd/tools/budgets
14,Wetland,,,,,1,,Every 50 years,Establishment,Labor,,Design cost,,647.5,,,
14,Wetland,,,,,1,,Every 50 years,Establishment,Labor,,Contract fees,,313.5,,,
14,Wetland,,,,,1,,Every 50 years,Establishment,Labor,,Seeding buffer,,3.95,$22.61/hectare   =>   $5.08/acre,,
14,Wetland,,,,,1,,Every 50 years,Establishment,,,Seed cost,,468.07,"medium cost, per range cited in source",,
14,Wetland,,,,,1,,Every 50 years,Establishment,,,Weir plate,,600,$30/sqft for 40ft x 5ft sheet pile plate Assumes 1 per 10 acre wetland/grass buffer block,,
14,Wetland,,,,,1,,Every 50 years,Establishment,,,Control structure,,212.75,"medium cost, per range cited in source",,
14,Wetland,,,,,1,,Every 50 years,Establishment,,,Land acquisition,,543.33,"raw cost for 10 acres (assumes $13,426 per hectare  =>  $5433.32/acre)",,
14,Wetland,,,,,1,,Every year,Maintenance,,,Time to manage,,142.47,Spot mowing 10% of buffer area @ 74.13/hectare treated,,
14,Wetland,,,,,2,,Every year,Maintenance,,,Time to manage,,142.47,Spot mowing 10% of buffer area @ 74.13/hectare treated,,
14,Wetland,,,,,3,,Every year,Maintenance,,,Time to manage,,142.47,Spot mowing 10% of buffer area @ 74.13/hectare treated,,
14,Wetland,,,,,4,,Every year,Maintenance,,,Time to manage,,142.47,Spot mowing 10% of buffer area @ 74.13/hectare treated,,
14,Wetland,,,,,5,,Every year,Maintenance,,,Time to manage,,142.47,Spot mowing 10% of buffer area @ 74.13/hectare treated,,
14,Wetland,,,,,6,,Every year,Maintenance,,,Time to manage,,142.47,Spot mowing 10% of buffer area @ 74.13/hectare treated,,
14,Wetland,,,,,7,,Every year,Maintenance,,,Time to manage,,142.47,Spot mowing 10% of buffer area @ 74.13/hectare treated,,
14,Wetland,,,,,8,,Every year,Maintenance,,,Time to manage,,142.47,Spot mowing 10% of buffer area @ 74.13/hectare treated,,
14,Wetland,,,,,9,,Every year,Maintenance,,,Time to manage,,142.47,Spot mowing 10% of buffer area @ 74.13/hectare treated,,
14,Wetland,,,,,10,,Every year,Maintenance,,,Time to manage,,142.47,Spot mowing 10% of buffer area @ 74.13/hectare treated,,
14,Wetland,,,,,11,,Every year,Maintenance,,,Time to manage,,142.47,Spot mowing 10% of buffer area @ 74.13/hectare treated,,
14,Wetland,,,,,12,,Every year,Maintenance,,,Time to manage,,142.47,Spot mowing 10% of buffer area @ 74.13/hectare treated,,
14,Wetland,,,,,13,,Every year,Maintenance,,,Time to manage,,142.47,Spot mowing 10% of buffer area @ 74.13/hectare treated,,
14,Wetland,,,,,14,,Every year,Maintenance,,,Time to manage,,142.47,Spot mowing 10% of buffer area @ 74.13/hectare treated,,
14,Wetland,,,,,15,,Every year,Maintenance,,,Time to manage,,142.47,Spot mowing 10% of buffer area @ 74.13/hectare treated,,
14,Wetland,,,,,16,,Every year,Maintenance,,,Time to manage,,142.47,Spot mowing 10% of buffer area @ 74.13/hectare treated,,
14,Wetland,,,,,17,,Every year,Maintenance,,,Time to manage,,142.47,Spot mowing 10% of buffer area @ 74.13/hectare treated,,
14,Wetland,,,,,18,,Every year,Maintenance,,,Time to manage,,142.47,Spot mowing 10% of buffer area @ 74.13/hectare treated,,
14,Wetland,,,,,19,,Every year,Maintenance,,,Time to manage,,142.47,Spot mowing 10% of buffer area @ 74.13/hectare treated,,
14,Wetland,,,,,20,,Every year,Maintenance,,,Time to manage,,142.47,Spot mowing 10% of buffer area @ 74.13/hectare treated,,
14,Wetland,,,,,21,,Every year,Maintenance,,,Time to manage,,142.47,Spot mowing 10% of buffer area @ 74.13/hectare treated,,
14,Wetland,,,,,22,,Every year,Maintenance,,,Time to manage,,142.47,Spot mowing 10% of buffer area @ 74.13/hectare treated,,
14,Wetland,,,,,23,,Every year,Maintenance,,,Time to manage,,142.47,Spot mowing 10% of buffer area @ 74.13/hectare treated,,
14,Wetland,,,,,24,,Every year,Maintenance,,,Time to manage,,142.47,Spot mowing 10% of buffer area @ 74.13/hectare treated,,
14,Wetland,,,,,25,,Every year,Maintenance,,,Time to manage,,142.47,Spot mowing 10% of buffer area @ 74.13/hectare treated,,
14,Wetland,,,,,26,,Every year,Maintenance,,,Time to manage,,142.47,Spot mowing 10% of buffer area @ 74.13/hectare treated,,
14,Wetland,,,,,27,,Every year,Maintenance,,,Time to manage,,142.47,Spot mowing 10% of buffer area @ 74.13/hectare treated,,
14,Wetland,,,,,28,,Every year,Maintenance,,,Time to manage,,142.47,Spot mowing 10% of buffer area @ 74.13/hectare treated,,
14,Wetland,,,,,29,,Every year,Maintenance,,,Time to manage,,142.47,Spot mowing 10% of buffer area @ 74.13/hectare treated,,
14,Wetland,,,,,30,,Every year,Maintenance,,,Time to manage,,142.47,Spot mowing 10% of buffer area @ 74.13/hectare treated,,
14,Wetland,,,,,31,,Every year,Maintenance,,,Time to manage,,142.47,Spot mowing 10% of buffer area @ 74.13/hectare treated,,
14,Wetland,,,,,32,,Every year,Maintenance,,,Time to manage,,142.47,Spot mowing 10% of buffer area @ 74.13/hectare treated,,
14,Wetland,,,,,33,,Every year,Maintenance,,,Time to manage,,142.47,Spot mowing 10% of buffer area @ 74.13/hectare treated,,
14,Wetland,,,,,34,,Every year,Maintenance,,,Time to manage,,142.47,Spot mowing 10% of buffer area @ 74.13/hectare treated,,
14,Wetland,,,,,35,,Every year,Maintenance,,,Time to manage,,142.47,Spot mowing 10% of buffer area @ 74.13/hectare treated,,
14,Wetland,,,,,36,,Every year,Maintenance,,,Time to manage,,142.47,Spot mowing 10% of buffer area @ 74.13/hectare treated,,
14,Wetland,,,,,37,,Every year,Maintenance,,,Time to manage,,142.47,Spot mowing 10% of buffer area @ 74.13/hectare treated,,
14,Wetland,,,,,38,,Every year,Maintenance,,,Time to manage,,142.47,Spot mowing 10% of buffer area @ 74.13/hectare treated,,
14,Wetland,,,,,39,,Every year,Maintenance,,,Time to manage,,142.47,Spot mowing 10% of buffer area @ 74.13/hectare treated,,
14,Wetland,,,,,40,,Every year,Maintenance,,,Time to manage,,142.47,Spot mowing 10% of buffer area @ 74.13/hectare treated,,
14,Wetland,,,,,41,,Every year,Maintenance,,,Time to manage,,142.47,Spot mowing 10% of buffer area @ 74.13/hectare treated,,
14,Wetland,,,,,42,,Every year,Maintenance,,,Time to manage,,142.47,Spot mowing 10% of buffer area @ 74.13/hectare treated,,
14,Wetland,,,,,43,,Every year,Maintenance,,,Time to manage,,142.47,Spot mowing 10% of buffer area @ 74.13/hectare treated,,
14,Wetland,,,,,44,,Every year,Maintenance,,,Time to manage,,142.47,Spot mowing 10% of buffer area @ 74.13/hectare treated,,
14,Wetland,,,,,45,,Every year,Maintenance,,,Time to manage,,142.47,Spot mowing 10% of buffer area @ 74.13/hectare treated,,
14,Wetland,,,,,46,,Every year,Maintenance,,,Time to manage,,142.47,Spot mowing 10% of buffer area @ 74.13/hectare treated,,
14,Wetland,,,,,47,,Every year,Maintenance,,,Time to manage,,142.47,Spot mowing 10% of buffer area @ 74.13/hectare treated,,
14,Wetland,,,,,48,,Every year,Maintenance,,,Time to manage,,142.47,Spot mowing 10% of buffer area @ 74.13/hectare treated,,
14,Wetland,,,,,49,,Every year,Maintenance,,,Time to manage,,142.47,Spot mowing 10% of buffer area @ 74.13/hectare treated,,
14,Wetland,,,,,50,,Every year,Maintenance,,,Time to manage,,142.47,Spot mowing 10% of buffer area @ 74.13/hectare treated,,
14,Wetland,,,,,40,,Every 40 years,Maintenance,,,Control structure and weir replacement,,208.58,"True present value cost of weir replacement, new structure, and 16 hrs of earth work @ $40/hr",,
12,Switchgrass,,,,,1,,Every 11 years,Establishment,Custom Labor,Fixed,Custom - Preharvest - Disk,,9.45,"Ag Decision Maker, based on 2007 Iowa Farm Custom Rate Survey no repeat if reseeding",,http://www.extension.iastate.edu/agdm/crops/html/a1-22.html
12,Switchgrass,,,,,1,,Every 11 years,Establishment,Custom Labor,Fixed,Custom - Preharvest - Harrow,,6.25,"Ag Decision Maker, based on 2007 Iowa Farm Custom Rate Surveyno repeat if reseeding",,http://www.extension.iastate.edu/agdm/crops/html/a1-22.html
12,Switchgrass,,,,,1,,Every 11 years,Establishment,Custom Labor,Fixed,Custom - Preharvest - Airflow spreader (seed and fertilizers),,7.7,"Ag Decision Maker, based on 2007 Iowa Farm Custom Rate Surveyrepeat if reseeding (25% chance)",,http://www.extension.iastate.edu/agdm/crops/html/a1-22.html
12,Switchgrass,,,,,1,,Every 11 years,Establishment,Custom Labor,Fixed,Custom - Spraying chemicals,,5.15,"Ag Decision Maker, based on 2007 Iowa Farm Custom Rate Survey",,http://www.extension.iastate.edu/agdm/crops/html/a1-22.html
12,Switchgrass,,,,,1,,Every 11 years,Establishment,Inputs,Fixed,Seed,,0,repeat if reseeding (25% chance),,http://www.extension.iastate.edu/agdm/crops/html/a1-22.html
12,Switchgrass,,,,,1,,Every 11 years,Establishment,Inputs,Variable,Fertilizer - P,,11.1,"Ag Decision Maker, based on 2007 Iowa Farm Custom Rate Survey 30lb @ $0.37/lb repeat if reseeding (25% chance)",,http://www.extension.iastate.edu/agdm/crops/html/a1-22.html
12,Switchgrass,,,,,1,,Every 11 years,Establishment,Inputs,Variable,Fertilizer - K,,9.2,"Ag Decision Maker, based on 2007 Iowa Farm Custom Rate Survey 40lb @ $0.23/lb repeat if reseeding (25% chance)",,http://www.extension.iastate.edu/agdm/crops/html/a1-22.html
12,Switchgrass,,,,,1,,Every 11 years,Establishment,Inputs,Variable,Lime,,63,"Ag Decision Maker, based on 2007 Iowa Farm Custom Rate Survey no repeat if reseeding 3 tons @ $21/ton",,http://www.extension.iastate.edu/agdm/crops/html/a1-22.html
12,Switchgrass,,,,,1,,Every 11 years,Establishment,Inputs,Variable,Herbicides,,7.74,"Ag Decision Maker, based on 2007 Iowa Farm Custom Rate Survey Pursuit+ 3 oz @ $53/gal, MSO 32 oz @ $1.75/pt 2,4D 1.5 pts @ $16/gal repeat if reseeding (25% chance)",,http://www.extension.iastate.edu/agdm/crops/html/a1-22.html
12,Switchgrass,,,,,2,,Annual after yr1,Operational,Inputs,Variable,Fertilizer - N,,31,"Ag Decision Maker, based on 2007 Iowa Farm Custom Rate Survey 100lb @ $0.31/lb",,http://www.extension.iastate.edu/agdm/crops/html/a1-22.html
12,Switchgrass,,,,,3,,Annual after yr1,Operational,Inputs,Variable,Fertilizer - N,,31,"Ag Decision Maker, based on 2007 Iowa Farm Custom Rate Survey 100lb @ $0.31/lb",,http://www.extension.iastate.edu/agdm/crops/html/a1-22.html
12,Switchgrass,,,,,4,,Annual after yr1,Operational,Inputs,Variable,Fertilizer - N,,31,"Ag Decision Maker, based on 2007 Iowa Farm Custom Rate Survey 100lb @ $0.31/lb",,http://www.extension.iastate.edu/agdm/crops/html/a1-22.html
12,Switchgrass,,,,,5,,Annual after yr1,Operational,Inputs,Variable,Fertilizer - N,,31,"Ag Decision Maker, based on 2007 Iowa Farm Custom Rate Survey 100lb @ $0.31/lb",,http://www.extension.iastate.edu/agdm/crops/html/a1-22.html
12,Switchgrass,,,,,6,,Annual after yr1,Operational,Inputs,Variable,Fertilizer - N,,31,"Ag Decision Maker, based on 2007 Iowa Farm Custom Rate Survey 100lb @ $0.31/lb",,http://www.extension.iastate.edu/agdm/crops/html/a1-22.html
12,Switchgrass,,,,,7,,Annual after yr1,Operational,Inputs,Variable,Fertilizer - N,,31,"Ag Decision Maker, based on 2007 Iowa Farm Custom Rate Survey 100lb @ $0.31/lb",,http://www.extension.iastate.edu/agdm/crops/html/a1-22.html
12,Switchgrass,,,,,8,,Annual after yr1,Operational,Inputs,Variable,Fertilizer - N,,31,"Ag Decision Maker, based on 2007 Iowa Farm Custom Rate Survey 100lb @ $0.31/lb",,http://www.extension.iastate.edu/agdm/crops/html/a1-22.html
12,Switchgrass,,,,,9,,Annual after yr1,Operational,Inputs,Variable,Fertilizer - N,,31,"Ag Decision Maker, based on 2007 Iowa Farm Custom Rate Survey 100lb @ $0.31/lb",,http://www.extension.iastate.edu/agdm/crops/html/a1-22.html
12,Switchgrass,,,,,10,,Annual after yr1,Operational,Inputs,Variable,Fertilizer - N,,31,"Ag Decision Maker, based on 2007 Iowa Farm Custom Rate Survey 100lb @ $0.31/lb",,http://www.extension.iastate.edu/agdm/crops/html/a1-22.html
12,Switchgrass,,,,,11,,Annual after yr1,Operational,Inputs,Variable,Fertilizer - N,,31,"Ag Decision Maker, based on 2007 Iowa Farm Custom Rate Survey 100lb @ $0.31/lb",,http://www.extension.iastate.edu/agdm/crops/html/a1-22.html
12,Switchgrass,,,,,2,,Annual after yr1,Operational,Inputs,Variable,Fertilizer - P,,2.8712,"Ag Decision Maker, based on 2007 Iowa Farm Custom Rate Survey 1.94lb @ $0.37/lb @4 tons per acre",,http://www.extension.iastate.edu/agdm/crops/html/a1-22.html
12,Switchgrass,,,,,3,,Annual after yr1,Operational,Inputs,Variable,Fertilizer - P,,2.8712,"Ag Decision Maker, based on 2007 Iowa Farm Custom Rate Survey 1.94lb @ $0.37/lb @4 tons per acre",,http://www.extension.iastate.edu/agdm/crops/html/a1-22.html
12,Switchgrass,,,,,4,,Annual after yr1,Operational,Inputs,Variable,Fertilizer - P,,2.8712,"Ag Decision Maker, based on 2007 Iowa Farm Custom Rate Survey 1.94lb @ $0.37/lb @4 tons per acre",,http://www.extension.iastate.edu/agdm/crops/html/a1-22.html
12,Switchgrass,,,,,5,,Annual after yr1,Operational,Inputs,Variable,Fertilizer - P,,2.8712,"Ag Decision Maker, based on 2007 Iowa Farm Custom Rate Survey 1.94lb @ $0.37/lb @4 tons per acre",,http://www.extension.iastate.edu/agdm/crops/html/a1-22.html
12,Switchgrass,,,,,6,,Annual after yr1,Operational,Inputs,Variable,Fertilizer - P,,2.8712,"Ag Decision Maker, based on 2007 Iowa Farm Custom Rate Survey 1.94lb @ $0.37/lb @4 tons per acre",,http://www.extension.iastate.edu/agdm/crops/html/a1-22.html
12,Switchgrass,,,,,7,,Annual after yr1,Operational,Inputs,Variable,Fertilizer - P,,2.8712,"Ag Decision Maker, based on 2007 Iowa Farm Custom Rate Survey 1.94lb @ $0.37/lb @4 tons per acre",,http://www.extension.iastate.edu/agdm/crops/html/a1-22.html
12,Switchgrass,,,,,8,,Annual after yr1,Operational,Inputs,Variable,Fertilizer - P,,2.8712,"Ag Decision Maker, based on 2007 Iowa Farm Custom Rate Survey 1.94lb @ $0.37/lb @4 tons per acre",,http://www.extension.iastate.edu/agdm/crops/html/a1-22.html
12,Switchgrass,,,,,9,,Annual after yr1,Operational,Inputs,Variable,Fertilizer - P,,2.8712,"Ag Decision Maker, based on 2007 Iowa Farm Custom Rate Survey 1.94lb @ $0.37/lb @4 tons per acre",,http://www.extension.iastate.edu/agdm/crops/html/a1-22.html
12,Switchgrass,,,,,10,,Annual after yr1,Operational,Inputs,Variable,Fertilizer - P,,2.8712,"Ag Decision Maker, based on 2007 Iowa Farm Custom Rate Survey 1.94lb @ $0.37/lb @4 tons per acre",,http://www.extension.iastate.edu/agdm/crops/html/a1-22.html
12,Switchgrass,,,,,11,,Annual after yr1,Operational,Inputs,Variable,Fertilizer - P,,2.8712,"Ag Decision Maker, based on 2007 Iowa Farm Custom Rate Survey 1.94lb @ $0.37/lb @4 tons per acre",,http://www.extension.iastate.edu/agdm/crops/html/a1-22.html
12,Switchgrass,,,,,2,,Annual after yr1,Operational,Inputs,Variable,Fertilizer - K,,20.976,"Ag Decision Maker, based on 2007 Iowa Farm Custom Rate Survey 22.8lb @ $0.23/lb @ 4 tons per acre",,http://www.extension.iastate.edu/agdm/crops/html/a1-22.html
12,Switchgrass,,,,,3,,Annual after yr1,Operational,Inputs,Variable,Fertilizer - K,,20.976,"Ag Decision Maker, based on 2007 Iowa Farm Custom Rate Survey 22.8lb @ $0.23/lb @ 4 tons per acre",,http://www.extension.iastate.edu/agdm/crops/html/a1-22.html
12,Switchgrass,,,,,4,,Annual after yr1,Operational,Inputs,Variable,Fertilizer - K,,20.976,"Ag Decision Maker, based on 2007 Iowa Farm Custom Rate Survey 22.8lb @ $0.23/lb @ 4 tons per acre",,http://www.extension.iastate.edu/agdm/crops/html/a1-22.html
12,Switchgrass,,,,,5,,Annual after yr1,Operational,Inputs,Variable,Fertilizer - K,,20.976,"Ag Decision Maker, based on 2007 Iowa Farm Custom Rate Survey 22.8lb @ $0.23/lb @ 4 tons per acre",,http://www.extension.iastate.edu/agdm/crops/html/a1-22.html
12,Switchgrass,,,,,6,,Annual after yr1,Operational,Inputs,Variable,Fertilizer - K,,20.976,"Ag Decision Maker, based on 2007 Iowa Farm Custom Rate Survey 22.8lb @ $0.23/lb @ 4 tons per acre",,http://www.extension.iastate.edu/agdm/crops/html/a1-22.html
12,Switchgrass,,,,,7,,Annual after yr1,Operational,Inputs,Variable,Fertilizer - K,,20.976,"Ag Decision Maker, based on 2007 Iowa Farm Custom Rate Survey 22.8lb @ $0.23/lb @ 4 tons per acre",,http://www.extension.iastate.edu/agdm/crops/html/a1-22.html
12,Switchgrass,,,,,8,,Annual after yr1,Operational,Inputs,Variable,Fertilizer - K,,20.976,"Ag Decision Maker, based on 2007 Iowa Farm Custom Rate Survey 22.8lb @ $0.23/lb @ 4 tons per acre",,http://www.extension.iastate.edu/agdm/crops/html/a1-22.html
12,Switchgrass,,,,,9,,Annual after yr1,Operational,Inputs,Variable,Fertilizer - K,,20.976,"Ag Decision Maker, based on 2007 Iowa Farm Custom Rate Survey 22.8lb @ $0.23/lb @ 4 tons per acre",,http://www.extension.iastate.edu/agdm/crops/html/a1-22.html
12,Switchgrass,,,,,10,,Annual after yr1,Operational,Inputs,Variable,Fertilizer - K,,20.976,"Ag Decision Maker, based on 2007 Iowa Farm Custom Rate Survey 22.8lb @ $0.23/lb @ 4 tons per acre",,http://www.extension.iastate.edu/agdm/crops/html/a1-22.html
12,Switchgrass,,,,,11,,Annual after yr1,Operational,Inputs,Variable,Fertilizer - K,,20.976,"Ag Decision Maker, based on 2007 Iowa Farm Custom Rate Survey 22.8lb @ $0.23/lb @ 4 tons per acre",,http://www.extension.iastate.edu/agdm/crops/html/a1-22.html
12,Switchgrass,,,,,2,,Annual after yr1,Operational,Inputs,Variable,Herbicides,,7.74,"Ag Decision Maker, based on 2007 Iowa Farm Custom Rate SurveyPursuit+ 3 oz @ $53/gal, MSO 32 oz @ $1.75/pt2,4D 1.5 pts @ $16/gal",,http://www.extension.iastate.edu/agdm/crops/html/a1-22.html
12,Switchgrass,,,,,3,,Annual after yr1,Operational,Inputs,Variable,Herbicides,,7.74,"Ag Decision Maker, based on 2007 Iowa Farm Custom Rate SurveyPursuit+ 3 oz @ $53/gal, MSO 32 oz @ $1.75/pt2,4D 1.5 pts @ $16/gal",,http://www.extension.iastate.edu/agdm/crops/html/a1-22.html
12,Switchgrass,,,,,4,,Annual after yr1,Operational,Inputs,Variable,Herbicides,,7.74,"Ag Decision Maker, based on 2007 Iowa Farm Custom Rate SurveyPursuit+ 3 oz @ $53/gal, MSO 32 oz @ $1.75/pt2,4D 1.5 pts @ $16/gal",,http://www.extension.iastate.edu/agdm/crops/html/a1-22.html
12,Switchgrass,,,,,5,,Annual after yr1,Operational,Inputs,Variable,Herbicides,,7.74,"Ag Decision Maker, based on 2007 Iowa Farm Custom Rate SurveyPursuit+ 3 oz @ $53/gal, MSO 32 oz @ $1.75/pt2,4D 1.5 pts @ $16/gal",,http://www.extension.iastate.edu/agdm/crops/html/a1-22.html
12,Switchgrass,,,,,6,,Annual after yr1,Operational,Inputs,Variable,Herbicides,,7.74,"Ag Decision Maker, based on 2007 Iowa Farm Custom Rate SurveyPursuit+ 3 oz @ $53/gal, MSO 32 oz @ $1.75/pt2,4D 1.5 pts @ $16/gal",,http://www.extension.iastate.edu/agdm/crops/html/a1-22.html
12,Switchgrass,,,,,7,,Annual after yr1,Operational,Inputs,Variable,Herbicides,,7.74,"Ag Decision Maker, based on 2007 Iowa Farm Custom Rate SurveyPursuit+ 3 oz @ $53/gal, MSO 32 oz @ $1.75/pt2,4D 1.5 pts @ $16/gal",,http://www.extension.iastate.edu/agdm/crops/html/a1-22.html
12,Switchgrass,,,,,8,,Annual after yr1,Operational,Inputs,Variable,Herbicides,,7.74,"Ag Decision Maker, based on 2007 Iowa Farm Custom Rate SurveyPursuit+ 3 oz @ $53/gal, MSO 32 oz @ $1.75/pt2,4D 1.5 pts @ $16/gal",,http://www.extension.iastate.edu/agdm/crops/html/a1-22.html
12,Switchgrass,,,,,9,,Annual after yr1,Operational,Inputs,Variable,Herbicides,,7.74,"Ag Decision Maker, based on 2007 Iowa Farm Custom Rate SurveyPursuit+ 3 oz @ $53/gal, MSO 32 oz @ $1.75/pt2,4D 1.5 pts @ $16/gal",,http://www.extension.iastate.edu/agdm/crops/html/a1-22.html
12,Switchgrass,,,,,10,,Annual after yr1,Operational,Inputs,Variable,Herbicides,,7.74,"Ag Decision Maker, based on 2007 Iowa Farm Custom Rate SurveyPursuit+ 3 oz @ $53/gal, MSO 32 oz @ $1.75/pt2,4D 1.5 pts @ $16/gal",,http://www.extension.iastate.edu/agdm/crops/html/a1-22.html
12,Switchgrass,,,,,11,,Annual after yr1,Operational,Inputs,Variable,Herbicides,,7.74,"Ag Decision Maker, based on 2007 Iowa Farm Custom Rate SurveyPursuit+ 3 oz @ $53/gal, MSO 32 oz @ $1.75/pt2,4D 1.5 pts @ $16/gal",,http://www.extension.iastate.edu/agdm/crops/html/a1-22.html
12,Switchgrass,,,,,2,,Annual after yr1,Preharvest,Custom Labor,Fixed,Liquid N application,,4.8,"Ag Decision Maker, based on 2007 Iowa Farm Custom Rate Survey",,http://www.extension.iastate.edu/agdm/crops/html/a1-22.html
12,Switchgrass,,,,,3,,Annual after yr1,Preharvest,Custom Labor,Fixed,Liquid N application,,4.8,"Ag Decision Maker, based on 2007 Iowa Farm Custom Rate Survey",,http://www.extension.iastate.edu/agdm/crops/html/a1-22.html
12,Switchgrass,,,,,4,,Annual after yr1,Preharvest,Custom Labor,Fixed,Liquid N application,,4.8,"Ag Decision Maker, based on 2007 Iowa Farm Custom Rate Survey",,http://www.extension.iastate.edu/agdm/crops/html/a1-22.html
12,Switchgrass,,,,,5,,Annual after yr1,Preharvest,Custom Labor,Fixed,Liquid N application,,4.8,"Ag Decision Maker, based on 2007 Iowa Farm Custom Rate Survey",,http://www.extension.iastate.edu/agdm/crops/html/a1-22.html
12,Switchgrass,,,,,6,,Annual after yr1,Preharvest,Custom Labor,Fixed,Liquid N application,,4.8,"Ag Decision Maker, based on 2007 Iowa Farm Custom Rate Survey",,http://www.extension.iastate.edu/agdm/crops/html/a1-22.html
12,Switchgrass,,,,,7,,Annual after yr1,Preharvest,Custom Labor,Fixed,Liquid N application,,4.8,"Ag Decision Maker, based on 2007 Iowa Farm Custom Rate Survey",,http://www.extension.iastate.edu/agdm/crops/html/a1-22.html
12,Switchgrass,,,,,8,,Annual after yr1,Preharvest,Custom Labor,Fixed,Liquid N application,,4.8,"Ag Decision Maker, based on 2007 Iowa Farm Custom Rate Survey",,http://www.extension.iastate.edu/agdm/crops/html/a1-22.html
12,Switchgrass,,,,,9,,Annual after yr1,Preharvest,Custom Labor,Fixed,Liquid N application,,4.8,"Ag Decision Maker, based on 2007 Iowa Farm Custom Rate Survey",,http://www.extension.iastate.edu/agdm/crops/html/a1-22.html
12,Switchgrass,,,,,10,,Annual after yr1,Preharvest,Custom Labor,Fixed,Liquid N application,,4.8,"Ag Decision Maker, based on 2007 Iowa Farm Custom Rate Survey",,http://www.extension.iastate.edu/agdm/crops/html/a1-22.html
12,Switchgrass,,,,,11,,Annual after yr1,Preharvest,Custom Labor,Fixed,Liquid N application,,4.8,"Ag Decision Maker, based on 2007 Iowa Farm Custom Rate Survey",,http://www.extension.iastate.edu/agdm/crops/html/a1-22.html
12,Switchgrass,,,,,2,,Annual after yr1,Preharvest,Custom Labor,Fixed,Bulk fertilizer spreader,,3.2,"Ag Decision Maker, based on 2007 Iowa Farm Custom Rate Survey",,http://www.extension.iastate.edu/agdm/crops/html/a1-22.html
12,Switchgrass,,,,,3,,Annual after yr1,Preharvest,Custom Labor,Fixed,Bulk fertilizer spreader,,3.2,"Ag Decision Maker, based on 2007 Iowa Farm Custom Rate Survey",,http://www.extension.iastate.edu/agdm/crops/html/a1-22.html
12,Switchgrass,,,,,4,,Annual after yr1,Preharvest,Custom Labor,Fixed,Bulk fertilizer spreader,,3.2,"Ag Decision Maker, based on 2007 Iowa Farm Custom Rate Survey",,http://www.extension.iastate.edu/agdm/crops/html/a1-22.html
12,Switchgrass,,,,,5,,Annual after yr1,Preharvest,Custom Labor,Fixed,Bulk fertilizer spreader,,3.2,"Ag Decision Maker, based on 2007 Iowa Farm Custom Rate Survey",,http://www.extension.iastate.edu/agdm/crops/html/a1-22.html
12,Switchgrass,,,,,6,,Annual after yr1,Preharvest,Custom Labor,Fixed,Bulk fertilizer spreader,,3.2,"Ag Decision Maker, based on 2007 Iowa Farm Custom Rate Survey",,http://www.extension.iastate.edu/agdm/crops/html/a1-22.html
12,Switchgrass,,,,,7,,Annual after yr1,Preharvest,Custom Labor,Fixed,Bulk fertilizer spreader,,3.2,"Ag Decision Maker, based on 2007 Iowa Farm Custom Rate Survey",,http://www.extension.iastate.edu/agdm/crops/html/a1-22.html
12,Switchgrass,,,,,8,,Annual after yr1,Preharvest,Custom Labor,Fixed,Bulk fertilizer spreader,,3.2,"Ag Decision Maker, based on 2007 Iowa Farm Custom Rate Survey",,http://www.extension.iastate.edu/agdm/crops/html/a1-22.html
12,Switchgrass,,,,,9,,Annual after yr1,Preharvest,Custom Labor,Fixed,Bulk fertilizer spreader,,3.2,"Ag Decision Maker, based on 2007 Iowa Farm Custom Rate Survey",,http://www.extension.iastate.edu/agdm/crops/html/a1-22.html
12,Switchgrass,,,,,10,,Annual after yr1,Preharvest,Custom Labor,Fixed,Bulk fertilizer spreader,,3.2,"Ag Decision Maker, based on 2007 Iowa Farm Custom Rate Survey",,http://www.extension.iastate.edu/agdm/crops/html/a1-22.html
12,Switchgrass,,,,,11,,Annual after yr1,Preharvest,Custom Labor,Fixed,Bulk fertilizer spreader,,3.2,"Ag Decision Maker, based on 2007 Iowa Farm Custom Rate Survey",,http://www.extension.iastate.edu/agdm/crops/html/a1-22.html
12,Switchgrass,,,,,2,,Annual after yr1,Preharvest,Custom Labor,Fixed,Sprayer,,5.15,"Ag Decision Maker, based on 2007 Iowa Farm Custom Rate Survey",,http://www.extension.iastate.edu/agdm/crops/html/a1-22.html
12,Switchgrass,,,,,3,,Annual after yr1,Preharvest,Custom Labor,Fixed,Sprayer,,5.15,"Ag Decision Maker, based on 2007 Iowa Farm Custom Rate Survey",,http://www.extension.iastate.edu/agdm/crops/html/a1-22.html
12,Switchgrass,,,,,4,,Annual after yr1,Preharvest,Custom Labor,Fixed,Sprayer,,5.15,"Ag Decision Maker, based on 2007 Iowa Farm Custom Rate Survey",,http://www.extension.iastate.edu/agdm/crops/html/a1-22.html
12,Switchgrass,,,,,5,,Annual after yr1,Preharvest,Custom Labor,Fixed,Sprayer,,5.15,"Ag Decision Maker, based on 2007 Iowa Farm Custom Rate Survey",,http://www.extension.iastate.edu/agdm/crops/html/a1-22.html
12,Switchgrass,,,,,6,,Annual after yr1,Preharvest,Custom Labor,Fixed,Sprayer,,5.15,"Ag Decision Maker, based on 2007 Iowa Farm Custom Rate Survey",,http://www.extension.iastate.edu/agdm/crops/html/a1-22.html
12,Switchgrass,,,,,7,,Annual after yr1,Preharvest,Custom Labor,Fixed,Sprayer,,5.15,"Ag Decision Maker, based on 2007 Iowa Farm Custom Rate Survey",,http://www.extension.iastate.edu/agdm/crops/html/a1-22.html
12,Switchgrass,,,,,8,,Annual after yr1,Preharvest,Custom Labor,Fixed,Sprayer,,5.15,"Ag Decision Maker, based on 2007 Iowa Farm Custom Rate Survey",,http://www.extension.iastate.edu/agdm/crops/html/a1-22.html
12,Switchgrass,,,,,9,,Annual after yr1,Preharvest,Custom Labor,Fixed,Sprayer,,5.15,"Ag Decision Maker, based on 2007 Iowa Farm Custom Rate Survey",,http://www.extension.iastate.edu/agdm/crops/html/a1-22.html
12,Switchgrass,,,,,10,,Annual after yr1,Preharvest,Custom Labor,Fixed,Sprayer,,5.15,"Ag Decision Maker, based on 2007 Iowa Farm Custom Rate Survey",,http://www.extension.iastate.edu/agdm/crops/html/a1-22.html
12,Switchgrass,,,,,11,,Annual after yr1,Preharvest,Custom Labor,Fixed,Sprayer,,5.15,"Ag Decision Maker, based on 2007 Iowa Farm Custom Rate Survey",,http://www.extension.iastate.edu/agdm/crops/html/a1-22.html
12,Switchgrass,,,,,2,,Annual after yr1,Harvest,Custom Labor,Fixed,Mow/conditioning,,10.75,"Ag Decision Maker, based on 2007 Iowa Farm Custom Rate Survey",,http://www.extension.iastate.edu/agdm/crops/html/a1-22.html
12,Switchgrass,,,,,3,,Annual after yr1,Harvest,Custom Labor,Fixed,Mow/conditioning,,10.75,"Ag Decision Maker, based on 2007 Iowa Farm Custom Rate Survey",,http://www.extension.iastate.edu/agdm/crops/html/a1-22.html
12,Switchgrass,,,,,4,,Annual after yr1,Harvest,Custom Labor,Fixed,Mow/conditioning,,10.75,"Ag Decision Maker, based on 2007 Iowa Farm Custom Rate Survey",,http://www.extension.iastate.edu/agdm/crops/html/a1-22.html
12,Switchgrass,,,,,5,,Annual after yr1,Harvest,Custom Labor,Fixed,Mow/conditioning,,10.75,"Ag Decision Maker, based on 2007 Iowa Farm Custom Rate Survey",,http://www.extension.iastate.edu/agdm/crops/html/a1-22.html
12,Switchgrass,,,,,6,,Annual after yr1,Harvest,Custom Labor,Fixed,Mow/conditioning,,10.75,"Ag Decision Maker, based on 2007 Iowa Farm Custom Rate Survey",,http://www.extension.iastate.edu/agdm/crops/html/a1-22.html
12,Switchgrass,,,,,7,,Annual after yr1,Harvest,Custom Labor,Fixed,Mow/conditioning,,10.75,"Ag Decision Maker, based on 2007 Iowa Farm Custom Rate Survey",,http://www.extension.iastate.edu/agdm/crops/html/a1-22.html
12,Switchgrass,,,,,8,,Annual after yr1,Harvest,Custom Labor,Fixed,Mow/conditioning,,10.75,"Ag Decision Maker, based on 2007 Iowa Farm Custom Rate Survey",,http://www.extension.iastate.edu/agdm/crops/html/a1-22.html
12,Switchgrass,,,,,9,,Annual after yr1,Harvest,Custom Labor,Fixed,Mow/conditioning,,10.75,"Ag Decision Maker, based on 2007 Iowa Farm Custom Rate Survey",,http://www.extension.iastate.edu/agdm/crops/html/a1-22.html
12,Switchgrass,,,,,10,,Annual after yr1,Harvest,Custom Labor,Fixed,Mow/conditioning,,10.75,"Ag Decision Maker, based on 2007 Iowa Farm Custom Rate Survey",,http://www.extension.iastate.edu/agdm/crops/html/a1-22.html
12,Switchgrass,,,,,11,,Annual after yr1,Harvest,Custom Labor,Fixed,Mow/conditioning,,10.75,"Ag Decision Maker, based on 2007 Iowa Farm Custom Rate Survey",,http://www.extension.iastate.edu/agdm/crops/html/a1-22.html
12,Switchgrass,,,,,2,,Annual after yr1,Harvest,Custom Labor,Fixed,Rake,,5.3,"Ag Decision Maker, based on 2007 Iowa Farm Custom Rate Survey",,http://www.extension.iastate.edu/agdm/crops/html/a1-22.html
12,Switchgrass,,,,,3,,Annual after yr1,Harvest,Custom Labor,Fixed,Rake,,5.3,"Ag Decision Maker, based on 2007 Iowa Farm Custom Rate Survey",,http://www.extension.iastate.edu/agdm/crops/html/a1-22.html
12,Switchgrass,,,,,4,,Annual after yr1,Harvest,Custom Labor,Fixed,Rake,,5.3,"Ag Decision Maker, based on 2007 Iowa Farm Custom Rate Survey",,http://www.extension.iastate.edu/agdm/crops/html/a1-22.html
12,Switchgrass,,,,,5,,Annual after yr1,Harvest,Custom Labor,Fixed,Rake,,5.3,"Ag Decision Maker, based on 2007 Iowa Farm Custom Rate Survey",,http://www.extension.iastate.edu/agdm/crops/html/a1-22.html
12,Switchgrass,,,,,6,,Annual after yr1,Harvest,Custom Labor,Fixed,Rake,,5.3,"Ag Decision Maker, based on 2007 Iowa Farm Custom Rate Survey",,http://www.extension.iastate.edu/agdm/crops/html/a1-22.html
12,Switchgrass,,,,,7,,Annual after yr1,Harvest,Custom Labor,Fixed,Rake,,5.3,"Ag Decision Maker, based on 2007 Iowa Farm Custom Rate Survey",,http://www.extension.iastate.edu/agdm/crops/html/a1-22.html
12,Switchgrass,,,,,8,,Annual after yr1,Harvest,Custom Labor,Fixed,Rake,,5.3,"Ag Decision Maker, based on 2007 Iowa Farm Custom Rate Survey",,http://www.extension.iastate.edu/agdm/crops/html/a1-22.html
12,Switchgrass,,,,,9,,Annual after yr1,Harvest,Custom Labor,Fixed,Rake,,5.3,"Ag Decision Maker, based on 2007 Iowa Farm Custom Rate Survey",,http://www.extension.iastate.edu/agdm/crops/html/a1-22.html
12,Switchgrass,,,,,10,,Annual after yr1,Harvest,Custom Labor,Fixed,Rake,,5.3,"Ag Decision Maker, based on 2007 Iowa Farm Custom Rate Survey",,http://www.extension.iastate.edu/agdm/crops/html/a1-22.html
12,Switchgrass,,,,,11,,Annual after yr1,Harvest,Custom Labor,Fixed,Rake,,5.3,"Ag Decision Maker, based on 2007 Iowa Farm Custom Rate Survey",,http://www.extension.iastate.edu/agdm/crops/html/a1-22.html
12,Switchgrass,,,,,2,,Annual after yr1,Harvest,Custom Labor,Variable,Baling: large square ($10.70 bale),,90.094,"Ag Decision Maker, based on 2007 Iowa Farm Custom Rate Survey $10.70/bale WITH 8.42 BALES PER ACRE",,http://www.extension.iastate.edu/agdm/crops/html/a1-22.html
12,Switchgrass,,,,,3,,Annual after yr1,Harvest,Custom Labor,Variable,Baling: large square ($10.70 bale),,90.11,"Ag Decision Maker, based on 2007 Iowa Farm Custom Rate Survey $10.70/bale",,http://www.extension.iastate.edu/agdm/crops/html/a1-22.html
12,Switchgrass,,,,,4,,Annual after yr1,Harvest,Custom Labor,Variable,Baling: large square ($10.70 bale),,90.11,"Ag Decision Maker, based on 2007 Iowa Farm Custom Rate Survey $10.70/bale",,http://www.extension.iastate.edu/agdm/crops/html/a1-22.html
12,Switchgrass,,,,,5,,Annual after yr1,Harvest,Custom Labor,Variable,Baling: large square ($10.70 bale),,90.11,"Ag Decision Maker, based on 2007 Iowa Farm Custom Rate Survey $10.70/bale",,http://www.extension.iastate.edu/agdm/crops/html/a1-22.html
12,Switchgrass,,,,,6,,Annual after yr1,Harvest,Custom Labor,Variable,Baling: large square ($10.70 bale),,90.11,"Ag Decision Maker, based on 2007 Iowa Farm Custom Rate Survey $10.70/bale",,http://www.extension.iastate.edu/agdm/crops/html/a1-22.html
12,Switchgrass,,,,,7,,Annual after yr1,Harvest,Custom Labor,Variable,Baling: large square ($10.70 bale),,90.11,"Ag Decision Maker, based on 2007 Iowa Farm Custom Rate Survey $10.70/bale",,http://www.extension.iastate.edu/agdm/crops/html/a1-22.html
12,Switchgrass,,,,,8,,Annual after yr1,Harvest,Custom Labor,Variable,Baling: large square ($10.70 bale),,90.11,"Ag Decision Maker, based on 2007 Iowa Farm Custom Rate Survey $10.70/bale",,http://www.extension.iastate.edu/agdm/crops/html/a1-22.html
12,Switchgrass,,,,,9,,Annual after yr1,Harvest,Custom Labor,Variable,Baling: large square ($10.70 bale),,90.11,"Ag Decision Maker, based on 2007 Iowa Farm Custom Rate Survey $10.70/bale",,http://www.extension.iastate.edu/agdm/crops/html/a1-22.html
12,Switchgrass,,,,,10,,Annual after yr1,Harvest,Custom Labor,Variable,Baling: large square ($10.70 bale),,90.11,"Ag Decision Maker, based on 2007 Iowa Farm Custom Rate Survey $10.70/bale",,http://www.extension.iastate.edu/agdm/crops/html/a1-22.html
12,Switchgrass,,,,,11,,Annual after yr1,Harvest,Custom Labor,Variable,Baling: large square ($10.70 bale),,90.11,"Ag Decision Maker, based on 2007 Iowa Farm Custom Rate Survey $10.70/bale",,http://www.extension.iastate.edu/agdm/crops/html/a1-22.html
12,Switchgrass,,,,,2,,Annual after yr1,Harvest,Custom Labor,Variable,Staging,,23.155,"Ag Decision Maker, based on 2007 Iowa Farm Custom Rate Survey $2.75/bale @8.42 bales per acre",,http://www.extension.iastate.edu/agdm/crops/html/a1-22.html
12,Switchgrass,,,,,3,,Annual after yr1,Harvest,Custom Labor,Variable,Staging,,23.155,"Ag Decision Maker, based on 2007 Iowa Farm Custom Rate Survey $2.75/bale @8.42 bales per acre",,http://www.extension.iastate.edu/agdm/crops/html/a1-22.html
12,Switchgrass,,,,,4,,Annual after yr1,Harvest,Custom Labor,Variable,Staging,,23.155,"Ag Decision Maker, based on 2007 Iowa Farm Custom Rate Survey $2.75/bale @8.42 bales per acre",,http://www.extension.iastate.edu/agdm/crops/html/a1-22.html
12,Switchgrass,,,,,5,,Annual after yr1,Harvest,Custom Labor,Variable,Staging,,23.155,"Ag Decision Maker, based on 2007 Iowa Farm Custom Rate Survey $2.75/bale @8.42 bales per acre",,http://www.extension.iastate.edu/agdm/crops/html/a1-22.html
12,Switchgrass,,,,,6,,Annual after yr1,Harvest,Custom Labor,Variable,Staging,,23.155,"Ag Decision Maker, based on 2007 Iowa Farm Custom Rate Survey $2.75/bale @8.42 bales per acre",,http://www.extension.iastate.edu/agdm/crops/html/a1-22.html
12,Switchgrass,,,,,7,,Annual after yr1,Harvest,Custom Labor,Variable,Staging,,23.155,"Ag Decision Maker, based on 2007 Iowa Farm Custom Rate Survey $2.75/bale @8.42 bales per acre",,http://www.extension.iastate.edu/agdm/crops/html/a1-22.html
12,Switchgrass,,,,,8,,Annual after yr1,Harvest,Custom Labor,Variable,Staging,,23.155,"Ag Decision Maker, based on 2007 Iowa Farm Custom Rate Survey $2.75/bale @8.42 bales per acre",,http://www.extension.iastate.edu/agdm/crops/html/a1-22.html
12,Switchgrass,,,,,9,,Annual after yr1,Harvest,Custom Labor,Variable,Staging,,23.155,"Ag Decision Maker, based on 2007 Iowa Farm Custom Rate Survey $2.75/bale @8.42 bales per acre",,http://www.extension.iastate.edu/agdm/crops/html/a1-22.html
12,Switchgrass,,,,,10,,Annual after yr1,Harvest,Custom Labor,Variable,Staging,,23.155,"Ag Decision Maker, based on 2007 Iowa Farm Custom Rate Survey $2.75/bale @8.42 bales per acre",,http://www.extension.iastate.edu/agdm/crops/html/a1-22.html
12,Switchgrass,,,,,11,,Annual after yr1,Harvest,Custom Labor,Variable,Staging,,23.155,"Ag Decision Maker, based on 2007 Iowa Farm Custom Rate Survey $2.75/bale @8.42 bales per acre",,http://www.extension.iastate.edu/agdm/crops/html/a1-22.html
12,Switchgrass,,,,,2,,Annual after yr1,Other,Custom Labor,Fixed,Storage,,16.67,"Ag Decision Maker, based on 2007 Iowa Farm Custom Rate Survey Assumes used for ethanol, therefore MUST be storage indoors. Storage Cost Per Ton",,http://www.extension.iastate.edu/agdm/crops/html/a1-22.html
12,Switchgrass,,,,,3,,Annual after yr1,Other,Custom Labor,Fixed,Storage,,16.67,"Ag Decision Maker, based on 2007 Iowa Farm Custom Rate Survey Assumes used for ethanol, therefore MUST be storage indoors. Storage Cost Per Ton",,http://www.extension.iastate.edu/agdm/crops/html/a1-22.html
12,Switchgrass,,,,,4,,Annual after yr1,Other,Custom Labor,Fixed,Storage,,16.67,"Ag Decision Maker, based on 2007 Iowa Farm Custom Rate Survey Assumes used for ethanol, therefore MUST be storage indoors. Storage Cost Per Ton",,http://www.extension.iastate.edu/agdm/crops/html/a1-22.html
12,Switchgrass,,,,,5,,Annual after yr1,Other,Custom Labor,Fixed,Storage,,16.67,"Ag Decision Maker, based on 2007 Iowa Farm Custom Rate Survey Assumes used for ethanol, therefore MUST be storage indoors. Storage Cost Per Ton",,http://www.extension.iastate.edu/agdm/crops/html/a1-22.html
12,Switchgrass,,,,,6,,Annual after yr1,Other,Custom Labor,Fixed,Storage,,16.67,"Ag Decision Maker, based on 2007 Iowa Farm Custom Rate Survey Assumes used for ethanol, therefore MUST be storage indoors. Storage Cost Per Ton",,http://www.extension.iastate.edu/agdm/crops/html/a1-22.html
12,Switchgrass,,,,,7,,Annual after yr1,Other,Custom Labor,Fixed,Storage,,16.67,"Ag Decision Maker, based on 2007 Iowa Farm Custom Rate Survey Assumes used for ethanol, therefore MUST be storage indoors. Storage Cost Per Ton",,http://www.extension.iastate.edu/agdm/crops/html/a1-22.html
12,Switchgrass,,,,,8,,Annual after yr1,Other,Custom Labor,Fixed,Storage,,16.67,"Ag Decision Maker, based on 2007 Iowa Farm Custom Rate Survey Assumes used for ethanol, therefore MUST be storage indoors. Storage Cost Per Ton",,http://www.extension.iastate.edu/agdm/crops/html/a1-22.html
12,Switchgrass,,,,,9,,Annual after yr1,Other,Custom Labor,Fixed,Storage,,16.67,"Ag Decision Maker, based on 2007 Iowa Farm Custom Rate Survey Assumes used for ethanol, therefore MUST be storage indoors. Storage Cost Per Ton",,http://www.extension.iastate.edu/agdm/crops/html/a1-22.html
12,Switchgrass,,,,,10,,Annual after yr1,Other,Custom Labor,Fixed,Storage,,16.67,"Ag Decision Maker, based on 2007 Iowa Farm Custom Rate Survey Assumes used for ethanol, therefore MUST be storage indoors. Storage Cost Per Ton",,http://www.extension.iastate.edu/agdm/crops/html/a1-22.html
12,Switchgrass,,,,,11,,Annual after yr1,Other,Custom Labor,Fixed,Storage,,16.67,"Ag Decision Maker, based on 2007 Iowa Farm Custom Rate Survey Assumes used for ethanol, therefore MUST be storage indoors. Storage Cost Per Ton",,http://www.extension.iastate.edu/agdm/crops/html/a1-22.html
12,Switchgrass,,,,,2,,Annual after yr1,Transport,Custom Labor,Variable,Field to Storage,2.06,121.6074,"Ag Decision Maker, based on 2007 Iowa Farm Custom Rate Survey Truck costs - $86.33 Loader costs (labor, tractor, and fuel) - $35.65",,http://www.extension.iastate.edu/agdm/crops/html/a1-22.html
12,Switchgrass,,,,,3,,Annual after yr1,Transport,Custom Labor,Variable,Field to Storage,2.06,121.98,"Ag Decision Maker, based on 2007 Iowa Farm Custom Rate Survey Truck costs - $86.33 Loader costs (labor, tractor, and fuel) - $35.65",,http://www.extension.iastate.edu/agdm/crops/html/a1-22.html
12,Switchgrass,,,,,4,,Annual after yr1,Transport,Custom Labor,Variable,Field to Storage,2.06,121.98,"Ag Decision Maker, based on 2007 Iowa Farm Custom Rate Survey Truck costs - $86.33 Loader costs (labor, tractor, and fuel) - $35.65",,http://www.extension.iastate.edu/agdm/crops/html/a1-22.html
12,Switchgrass,,,,,5,,Annual after yr1,Transport,Custom Labor,Variable,Field to Storage,2.06,121.98,"Ag Decision Maker, based on 2007 Iowa Farm Custom Rate Survey Truck costs - $86.33 Loader costs (labor, tractor, and fuel) - $35.65",,http://www.extension.iastate.edu/agdm/crops/html/a1-22.html
12,Switchgrass,,,,,6,,Annual after yr1,Transport,Custom Labor,Variable,Field to Storage,2.06,121.98,"Ag Decision Maker, based on 2007 Iowa Farm Custom Rate Survey Truck costs - $86.33 Loader costs (labor, tractor, and fuel) - $35.65",,http://www.extension.iastate.edu/agdm/crops/html/a1-22.html
12,Switchgrass,,,,,7,,Annual after yr1,Transport,Custom Labor,Variable,Field to Storage,2.06,121.98,"Ag Decision Maker, based on 2007 Iowa Farm Custom Rate Survey Truck costs - $86.33 Loader costs (labor, tractor, and fuel) - $35.65",,http://www.extension.iastate.edu/agdm/crops/html/a1-22.html
12,Switchgrass,,,,,8,,Annual after yr1,Transport,Custom Labor,Variable,Field to Storage,2.06,121.98,"Ag Decision Maker, based on 2007 Iowa Farm Custom Rate Survey Truck costs - $86.33 Loader costs (labor, tractor, and fuel) - $35.65",,http://www.extension.iastate.edu/agdm/crops/html/a1-22.html
12,Switchgrass,,,,,9,,Annual after yr1,Transport,Custom Labor,Variable,Field to Storage,2.06,121.98,"Ag Decision Maker, based on 2007 Iowa Farm Custom Rate Survey Truck costs - $86.33 Loader costs (labor, tractor, and fuel) - $35.65",,http://www.extension.iastate.edu/agdm/crops/html/a1-22.html
12,Switchgrass,,,,,10,,Annual after yr1,Transport,Custom Labor,Variable,Field to Storage,2.06,121.98,"Ag Decision Maker, based on 2007 Iowa Farm Custom Rate Survey Truck costs - $86.33 Loader costs (labor, tractor, and fuel) - $35.65",,http://www.extension.iastate.edu/agdm/crops/html/a1-22.html
12,Switchgrass,,,,,11,,Annual after yr1,Transport,Custom Labor,Variable,Field to Storage,2.06,121.98,"Ag Decision Maker, based on 2007 Iowa Farm Custom Rate Survey Truck costs - $86.33 Loader costs (labor, tractor, and fuel) - $35.65",,http://www.extension.iastate.edu/agdm/crops/html/a1-22.html
12,Switchgrass,,,,,2,,Annual after yr1,Transport,Custom Labor,Variable,Storage to Plant,2.66,172.59,"Ag Decision Maker, based on 2007 Iowa Farm Custom Rate Survey Truck costs - $151.67 Loader cost - 21.39",,http://www.extension.iastate.edu/agdm/crops/html/a1-22.html
12,Switchgrass,,,,,3,,Annual after yr1,Transport,Custom Labor,Variable,Storage to Plant,2.66,173.06,"Ag Decision Maker, based on 2007 Iowa Farm Custom Rate Survey Truck costs - $151.67 Loader cost - 21.39",,http://www.extension.iastate.edu/agdm/crops/html/a1-22.html
12,Switchgrass,,,,,4,,Annual after yr1,Transport,Custom Labor,Variable,Storage to Plant,2.66,173.06,"Ag Decision Maker, based on 2007 Iowa Farm Custom Rate Survey Truck costs - $151.67 Loader cost - 21.39",,http://www.extension.iastate.edu/agdm/crops/html/a1-22.html
12,Switchgrass,,,,,5,,Annual after yr1,Transport,Custom Labor,Variable,Storage to Plant,2.66,173.06,"Ag Decision Maker, based on 2007 Iowa Farm Custom Rate Survey Truck costs - $151.67 Loader cost - 21.39",,http://www.extension.iastate.edu/agdm/crops/html/a1-22.html
12,Switchgrass,,,,,6,,Annual after yr1,Transport,Custom Labor,Variable,Storage to Plant,2.66,173.06,"Ag Decision Maker, based on 2007 Iowa Farm Custom Rate Survey Truck costs - $151.67 Loader cost - 21.39",,http://www.extension.iastate.edu/agdm/crops/html/a1-22.html
12,Switchgrass,,,,,7,,Annual after yr1,Transport,Custom Labor,Variable,Storage to Plant,2.66,173.06,"Ag Decision Maker, based on 2007 Iowa Farm Custom Rate Survey Truck costs - $151.67 Loader cost - 21.39",,http://www.extension.iastate.edu/agdm/crops/html/a1-22.html
12,Switchgrass,,,,,8,,Annual after yr1,Transport,Custom Labor,Variable,Storage to Plant,2.66,173.06,"Ag Decision Maker, based on 2007 Iowa Farm Custom Rate Survey Truck costs - $151.67 Loader cost - 21.39",,http://www.extension.iastate.edu/agdm/crops/html/a1-22.html
12,Switchgrass,,,,,9,,Annual after yr1,Transport,Custom Labor,Variable,Storage to Plant,2.66,173.06,"Ag Decision Maker, based on 2007 Iowa Farm Custom Rate Survey Truck costs - $151.67 Loader cost - 21.39",,http://www.extension.iastate.edu/agdm/crops/html/a1-22.html
12,Switchgrass,,,,,10,,Annual after yr1,Transport,Custom Labor,Variable,Storage to Plant,2.66,173.06,"Ag Decision Maker, based on 2007 Iowa Farm Custom Rate Survey Truck costs - $151.67 Loader cost - 21.39",,http://www.extension.iastate.edu/agdm/crops/html/a1-22.html
12,Switchgrass,,,,,11,,Annual after yr1,Transport,Custom Labor,Variable,Storage to Plant,2.66,173.06,"Ag Decision Maker, based on 2007 Iowa Farm Custom Rate Survey Truck costs - $151.67 Loader cost - 21.39",,http://www.extension.iastate.edu/agdm/crops/html/a1-22.html
8,Grass Hay,,,,,1,,Every 4 years,Establishment - Year 1,Machinery,Fixed,Spray Herbicide ,,2.2,,,http://www.extension.iastate.edu/agdm/decisionaidsall.html
8,Grass Hay,,,,,1,,Every 4 years,Establishment - Year 1,Machinery,Variable,Spray Herbicide ,,2,,,http://www.extension.iastate.edu/agdm/decisionaidsall.html
8,Grass Hay,,,,,1,,Every 4 years,Establishment - Year 1,Machinery,Fixed,Tandem disk  ,,9.2,2 times - Ag Decision Maker,,http://www.extension.iastate.edu/agdm/decisionaidsall.html
8,Grass Hay,,,,,1,,Every 4 years,Establishment - Year 1,Machinery,Variable,Tandem disk ,,6.8,2 times - Ag Decision Maker,,http://www.extension.iastate.edu/agdm/decisionaidsall.html
8,Grass Hay,,,,,1,,Every 4 years,Establishment - Year 1,Machinery,Fixed,Spread fertilizer ,,2,,,http://www.extension.iastate.edu/agdm/decisionaidsall.html
8,Grass Hay,,,,,1,,Every 4 years,Establishment - Year 1,Machinery,Variable,Spread fertilizer ,,1.6,,,http://www.extension.iastate.edu/agdm/decisionaidsall.html
8,Grass Hay,,,,,1,,Every 4 years,Establishment - Year 1,Machinery,Fixed,Harrow ,,2.1,,,http://www.extension.iastate.edu/agdm/decisionaidsall.html
8,Grass Hay,,,,,1,,Every 4 years,Establishment - Year 1,Machinery,Variable,Harrow ,,1.5,,,http://www.extension.iastate.edu/agdm/decisionaidsall.html
8,Grass Hay,,,,,1,,Every 4 years,Establishment - Year 1,Machinery,Fixed,Seed (drill) ,,4.5,,,http://www.extension.iastate.edu/agdm/decisionaidsall.html
8,Grass Hay,,,,,1,,Every 4 years,Establishment - Year 1,Machinery,Variable,Seed (drill) ,,4,,,http://www.extension.iastate.edu/agdm/decisionaidsall.html
8,Grass Hay,,,,,1,,Every 4 years,Establishment - Year 1,Input,Variable,Seed,,57.15,15 lbs @ $3.81/lb alfalfa seed,,http://www.extension.iastate.edu/agdm/decisionaidsall.html
8,Grass Hay,,,,,1,,Every 4 years,Establishment - Year 1,Input,Variable,Fertilizer - P,,14.525,35 lbs @ $0.42/lb,,http://www.extension.iastate.edu/agdm/decisionaidsall.html
8,Grass Hay,,,,,1,,Every 4 years,Establishment - Year 1,Input,Variable,Fertilizer - Potash,,38.7125,125 lbs @ $0.31/lb,,http://www.extension.iastate.edu/agdm/decisionaidsall.html
8,Grass Hay,,,,,1,,Every 4 years,Establishment - Year 1,Input,Variable,Herbicide,,18.2,,,http://www.extension.iastate.edu/agdm/decisionaidsall.html
8,Grass Hay,,,,,1,,Every 4 years,Establishment - Year 1,Input,Variable,Lime,,20,,,http://www.extension.iastate.edu/agdm/decisionaidsall.html
8,Grass Hay,,,,,1,,Every 4 years,Establishment - Year 1,Farmer Labor,Variable,Labor - Pre-harvest,1,14.25,1.0 hours @ $14.25/hour,,http://www.extension.iastate.edu/agdm/decisionaidsall.html
8,Grass Hay,,,,,1,,Every 4 years,Establishment - Year 1,Farmer Labor,Variable,Labor - harvest - cutting,3,42.75,1.5 hours @ $14/hourPER CUT (2 cuts) Assumes x2 cuts Establishment Year,,http://www.extension.iastate.edu/agdm/decisionaidsall.html
8,Grass Hay,,,,,1,,Every 4 years,Establishment - Year 1,Machinery,Fixed,Harvesting - Mower-Conditioner ,,11, $5.50.PER CUT Assumes 2 cut Establishment Year ,,http://www.extension.iastate.edu/agdm/decisionaidsall.html
8,Grass Hay,,,,,1,,Every 4 years,Establishment - Year 1,Machinery,Variable,Harvesting - Mower-Conditioner ,,8.6, $4.30.PER CUT Assumes 2 cut Establishment Year ,,http://www.extension.iastate.edu/agdm/decisionaidsall.html
8,Grass Hay,,,,,1,,Every 4 years,Establishment - Year 1,Machinery,Fixed,Harvesting - Rake ,,6.2, $3.10.PER CUT Assumes 2 cut Establishment Year ,,http://www.extension.iastate.edu/agdm/decisionaidsall.html
8,Grass Hay,,,,,1,,Every 4 years,Establishment - Year 1,Machinery,Variable,Harvesting - Rake ,,4, $2.00.PER CUT Assumes 2 cut Establishment Year ,,http://www.extension.iastate.edu/agdm/decisionaidsall.html
8,Grass Hay,,,,,1,,Every 4 years,Establishment - Year 1,Machinery,Fixed,Harvesting - Baling ,,16.4, $8.2.PER CUT Assumes 2 cuts Establishment Year ,,http://www.extension.iastate.edu/agdm/decisionaidsall.html
8,Grass Hay,,,,,1,,Every 4 years,Establishment - Year 1,Machinery,Variable,Harvesting - Baling ,,10.4, $5.20.PER CUT Assumes 2 cuts Establishment Year ,,http://www.extension.iastate.edu/agdm/decisionaidsall.html
8,Grass Hay,,,,,1,,Every 4 years,Establishment - Year 1,Machinery,Fixed,Harvesting - Hauling ,,9.35, $1.97 per ton @ 2.5 tons/cutting * 2 cuttings/acre/year ,,http://www.extension.iastate.edu/agdm/decisionaidsall.html
8,Grass Hay,,,,,1,,Every 4 years,Establishment - Year 1,Machinery,Variable,Harvesting - Hauling ,,14.35, $2.87 per ton @ 2.5 tons/acre/year * 2 cuttings/acre/year ,,http://www.extension.iastate.edu/agdm/decisionaidsall.html
8,Grass Hay,,,,,1,,Every 4 years,Establishment - Year 1,Land,Fixed,"Land - Cash rent equivalent, before seeding",,118,$118 per acre,,http://www.extension.iastate.edu/agdm/decisionaidsall.html
8,Grass Hay,,,,,2,,"Years 2, 3, 4","Production Years 2, 3, 4",Machinery,Fixed,Fertilizer Spreader ,,2,$2.00 FIXED,,http://www.extension.iastate.edu/agdm/decisionaidsall.html
8,Grass Hay,,,,,3,,"Years 2, 3, 4","Production Years 2, 3, 4",Machinery,Fixed,Fertilizer Spreader ,,2,$2.00 FIXED,,http://www.extension.iastate.edu/agdm/decisionaidsall.html
8,Grass Hay,,,,,4,,"Years 2, 3, 4","Production Years 2, 3, 4",Machinery,Fixed,Fertilizer Spreader ,,2,$2.00 FIXED,,http://www.extension.iastate.edu/agdm/decisionaidsall.html
8,Grass Hay,,,,,2,,"Years 2, 3, 4","Production Years 2, 3, 4",Machinery,Variable,Fertilizer Spreader ,,1.6,$1.60 VARIABLE,,http://www.extension.iastate.edu/agdm/decisionaidsall.html
8,Grass Hay,,,,,3,,"Years 2, 3, 4","Production Years 2, 3, 4",Machinery,Variable,Fertilizer Spreader ,,1.6,$1.60 VARIABLE,,http://www.extension.iastate.edu/agdm/decisionaidsall.html
8,Grass Hay,,,,,4,,"Years 2, 3, 4","Production Years 2, 3, 4",Machinery,Variable,Fertilizer Spreader ,,1.6,$1.60 VARIABLE,,http://www.extension.iastate.edu/agdm/decisionaidsall.html
8,Grass Hay,,,,,2,,"Years 2, 3, 4","Production Years 2, 3, 4",Input,Variable,Annual Fertilizer - P,,21.60065406,(13 lbs/1 ton Alfalfa) @ ($0.42/lb) @ 4 tons Alfalfa,,http://www.extension.iastate.edu/agdm/decisionaidsall.html
8,Grass Hay,,,,,3,,"Years 2, 3, 4","Production Years 2, 3, 4",Input,Variable,Annual Fertilizer - P,,21.60065406,(13 lbs/1 ton Alfalfa) @ ($0.42/lb) @ 4 tons Alfalfa,,http://www.extension.iastate.edu/agdm/decisionaidsall.html
8,Grass Hay,,,,,4,,"Years 2, 3, 4","Production Years 2, 3, 4",Input,Variable,Annual Fertilizer - P,,21.60065406,(13 lbs/1 ton Alfalfa) @ ($0.42/lb) @ 4 tons Alfalfa,,http://www.extension.iastate.edu/agdm/decisionaidsall.html
8,Grass Hay,,,,,2,,"Years 2, 3, 4","Production Years 2, 3, 4",Input,Variable,Annual Fertilizer - Potash,,61.945,(50 lbs/1 ton Alfalfa) @ ($0.31/lb) @ 4 tons Alfalfa,,http://www.extension.iastate.edu/agdm/decisionaidsall.html
8,Grass Hay,,,,,3,,"Years 2, 3, 4","Production Years 2, 3, 4",Input,Variable,Annual Fertilizer - Potash,,61.945,(50 lbs/1 ton Alfalfa) @ ($0.31/lb) @ 4 tons Alfalfa,,http://www.extension.iastate.edu/agdm/decisionaidsall.html
8,Grass Hay,,,,,4,,"Years 2, 3, 4","Production Years 2, 3, 4",Input,Variable,Annual Fertilizer - Potash,,61.945,(50 lbs/1 ton Alfalfa) @ ($0.31/lb) @ 4 tons Alfalfa,,http://www.extension.iastate.edu/agdm/decisionaidsall.html
8,Grass Hay,,,,,2,,"Years 2, 3, 4","Production Years 2, 3, 4",Other,Variable,Crop Insurance,,1.9,$1.9/acre (assuming 3 cuts @ 4 tons/cut),,
8,Grass Hay,,,,,3,,"Years 2, 3, 4","Production Years 2, 3, 4",Other,Variable,Crop Insurance,,1.9,$1.9/acre (assuming 3 cuts @ 4 tons/cut),,
8,Grass Hay,,,,,4,,"Years 2, 3, 4","Production Years 2, 3, 4",Other,Variable,Crop Insurance,,1.9,$1.9/acre (assuming 3 cuts @ 4 tons/cut),,
8,Grass Hay,,,,,2,,"Years 2, 3, 4","Production Years 2, 3, 4",Farmer Labor,Variable,Labor - harvest - cutting,3.9999,56.998575,1.33 hours @ $14.25/hourPER CUT Assumes x3 cuts per Year,,http://www.extension.iastate.edu/agdm/decisionaidsall.html
8,Grass Hay,,,,,3,,"Years 2, 3, 4","Production Years 2, 3, 4",Farmer Labor,Variable,Labor - harvest - cutting,3.9999,56.8575,1.33 hours @ $14.25/hourPER CUT Assumes x3 cuts per Year,,http://www.extension.iastate.edu/agdm/decisionaidsall.html
8,Grass Hay,,,,,4,,"Years 2, 3, 4","Production Years 2, 3, 4",Farmer Labor,Variable,Labor - harvest - cutting,3.9999,56.8575,1.33 hours @ $14.25/hourPER CUT Assumes x3 cuts per Year,,http://www.extension.iastate.edu/agdm/decisionaidsall.html
8,Grass Hay,,,,,2,,"Years 2, 3, 4","Production Years 2, 3, 4",Land,Fixed,"Land - Cash rent equivalent, before seeding",,118,$118 Cash rent equivalent,,http://www.extension.iastate.edu/agdm/decisionaidsall.html
8,Grass Hay,,,,,3,,"Years 2, 3, 4","Production Years 2, 3, 4",Land,Fixed,"Land - Cash rent equivalent, before seeding",,118,$118 Cash rent equivalent,,http://www.extension.iastate.edu/agdm/decisionaidsall.html
8,Grass Hay,,,,,4,,"Years 2, 3, 4","Production Years 2, 3, 4",Land,Fixed,"Land - Cash rent equivalent, before seeding",,118,$118 Cash rent equivalent,,http://www.extension.iastate.edu/agdm/decisionaidsall.html
8,Grass Hay,,,,,2,,"Years 2, 3, 4","Production Years 2, 3, 4",Machinery,Fixed,Harvesting - Mower-Conditioner ,,16.5, $5.50.PER CUT Assumes 3 cuts per Year ,,http://www.extension.iastate.edu/agdm/decisionaidsall.html
8,Grass Hay,,,,,3,,"Years 2, 3, 4","Production Years 2, 3, 4",Machinery,Fixed,Harvesting - Mower-Conditioner ,,16.5, $5.50.PER CUT Assumes 3 cuts per Year ,,http://www.extension.iastate.edu/agdm/decisionaidsall.html
8,Grass Hay,,,,,4,,"Years 2, 3, 4","Production Years 2, 3, 4",Machinery,Fixed,Harvesting - Mower-Conditioner ,,16.5, $5.50.PER CUT Assumes 3 cuts per Year ,,http://www.extension.iastate.edu/agdm/decisionaidsall.html
8,Grass Hay,,,,,2,,"Years 2, 3, 4","Production Years 2, 3, 4",Machinery,Variable,Harvesting - Mower-Conditioner ,,12.9, $4.30.PER CUT Assumes 3 cuts per Year ,,http://www.extension.iastate.edu/agdm/decisionaidsall.html
8,Grass Hay,,,,,3,,"Years 2, 3, 4","Production Years 2, 3, 4",Machinery,Variable,Harvesting - Mower-Conditioner ,,12.9, $4.30.PER CUT Assumes 3 cuts per Year ,,http://www.extension.iastate.edu/agdm/decisionaidsall.html
8,Grass Hay,,,,,4,,"Years 2, 3, 4","Production Years 2, 3, 4",Machinery,Variable,Harvesting - Mower-Conditioner ,,12.9, $4.30.PER CUT Assumes 3 cuts per Year ,,http://www.extension.iastate.edu/agdm/decisionaidsall.html
8,Grass Hay,,,,,2,,"Years 2, 3, 4","Production Years 2, 3, 4",Machinery,Fixed,Harvesting - Rake ,,9.3, $3.10PER CUT Assumes 3 cuts per Year ,,http://www.extension.iastate.edu/agdm/decisionaidsall.html
8,Grass Hay,,,,,3,,"Years 2, 3, 4","Production Years 2, 3, 4",Machinery,Fixed,Harvesting - Rake ,,9.3, $3.10PER CUT Assumes 3 cuts per Year ,,http://www.extension.iastate.edu/agdm/decisionaidsall.html
8,Grass Hay,,,,,4,,"Years 2, 3, 4","Production Years 2, 3, 4",Machinery,Fixed,Harvesting - Rake ,,9.3, $3.10PER CUT Assumes 3 cuts per Year ,,http://www.extension.iastate.edu/agdm/decisionaidsall.html
8,Grass Hay,,,,,2,,"Years 2, 3, 4","Production Years 2, 3, 4",Machinery,Variable,Harvesting - Rake ,,6, $2.00PER CUT Assumes 3 cuts per Year ,,http://www.extension.iastate.edu/agdm/decisionaidsall.html
8,Grass Hay,,,,,3,,"Years 2, 3, 4","Production Years 2, 3, 4",Machinery,Variable,Harvesting - Rake ,,6, $2.00PER CUT Assumes 3 cuts per Year ,,http://www.extension.iastate.edu/agdm/decisionaidsall.html
8,Grass Hay,,,,,4,,"Years 2, 3, 4","Production Years 2, 3, 4",Machinery,Variable,Harvesting - Rake ,,6, $2.00PER CUT Assumes 3 cuts per Year ,,http://www.extension.iastate.edu/agdm/decisionaidsall.html
8,Grass Hay,,,,,2,,"Years 2, 3, 4","Production Years 2, 3, 4",Machinery,Fixed,Harvesting - Baling ,,24.6, $8.20 PER CUT Assumes 3 cuts per Year ,,http://www.extension.iastate.edu/agdm/decisionaidsall.html
8,Grass Hay,,,,,3,,"Years 2, 3, 4","Production Years 2, 3, 4",Machinery,Fixed,Harvesting - Baling ,,24.6, $8.20 PER CUT Assumes 3 cuts per Year ,,http://www.extension.iastate.edu/agdm/decisionaidsall.html
8,Grass Hay,,,,,4,,"Years 2, 3, 4","Production Years 2, 3, 4",Machinery,Fixed,Harvesting - Baling ,,24.6, $8.20 PER CUT Assumes 3 cuts per Year ,,http://www.extension.iastate.edu/agdm/decisionaidsall.html
8,Grass Hay,,,,,2,,"Years 2, 3, 4","Production Years 2, 3, 4",Machinery,Variable,Harvesting - Baling ,,15.6, $5.20PER CUT Assumes 3 cuts per Year ,,http://www.extension.iastate.edu/agdm/decisionaidsall.html
8,Grass Hay,,,,,3,,"Years 2, 3, 4","Production Years 2, 3, 4",Machinery,Variable,Harvesting - Baling ,,15.6, $5.20PER CUT Assumes 3 cuts per Year ,,http://www.extension.iastate.edu/agdm/decisionaidsall.html
8,Grass Hay,,,,,4,,"Years 2, 3, 4","Production Years 2, 3, 4",Machinery,Variable,Harvesting - Baling ,,15.6, $5.20PER CUT Assumes 3 cuts per Year ,,http://www.extension.iastate.edu/agdm/decisionaidsall.html
8,Grass Hay,,,,,2,,"Years 2, 3, 4","Production Years 2, 3, 4",Machinery,Fixed,Harvesting - Hauling ,,22.4, $1.87 per ton @ 4 tons/cutting * 3 cuttings/year ,,http://www.extension.iastate.edu/agdm/decisionaidsall.html
8,Grass Hay,,,,,3,,"Years 2, 3, 4","Production Years 2, 3, 4",Machinery,Fixed,Harvesting - Hauling ,,22.4, $1.87 per ton @ 4 tons/cutting * 3 cuttings/year ,,http://www.extension.iastate.edu/agdm/decisionaidsall.html
8,Grass Hay,,,,,4,,"Years 2, 3, 4","Production Years 2, 3, 4",Machinery,Fixed,Harvesting - Hauling ,,22.4, $1.87 per ton @ 4 tons/cutting * 3 cuttings/year ,,http://www.extension.iastate.edu/agdm/decisionaidsall.html
8,Grass Hay,,,,,2,,"Years 2, 3, 4","Production Years 2, 3, 4",Machinery,Variable,Harvesting - Hauling ,,34.4, $2.87 per ton @ 4 tons/cutting * 3 cuttings/year ,,http://www.extension.iastate.edu/agdm/decisionaidsall.html
8,Grass Hay,,,,,3,,"Years 2, 3, 4","Production Years 2, 3, 4",Machinery,Variable,Harvesting - Hauling ,,34.4, $2.87 per ton @ 4 tons/cutting * 3 cuttings/year ,,http://www.extension.iastate.edu/agdm/decisionaidsall.html
8,Grass Hay,,,,,4,,"Years 2, 3, 4","Production Years 2, 3, 4",Machinery,Variable,Harvesting - Hauling ,,34.4, $2.87 per ton @ 4 tons/cutting * 3 cuttings/year ,,http://www.extension.iastate.edu/agdm/decisionaidsall.html
6,Permanent Pasture,,,,,1,,Annual,Preharvest,Rent,Variable,Preharvest - Feed - Pasture ,,50,Assumed rent of pasture per acre,,https://www.extension.iastate.edu/AGDM/livestock/pdf/b1-21.pdf
6,Permanent Pasture,,,,,1,,Annual,Preharvest,Input,Variable,Preharvest - Feed - Pasture Fertilizer & Miscellaneous ,,20,"Assumed pasture fertilizer, miscellaneous",,https://www.extension.iastate.edu/AGDM/livestock/pdf/b1-21.pdf
6,Permanent Pasture,,,,,1,,Annual,Preharvest,Input,Variable,Preharvest - Feed - Corn ,,5.44,4 bu @ $ 3.40/bu     / 2.5 acres (bring it down to per acre amount),,https://www.extension.iastate.edu/AGDM/livestock/pdf/b1-21.pdf
6,Permanent Pasture,,,,,1,,Annual,Preharvest,Input,Variable,Preharvest - Feed - Salt & Minerals ,,2.16,60 bu @ $ 0.09/bu     / 2.5 acres (bring it down to per acre amount),,https://www.extension.iastate.edu/AGDM/livestock/pdf/b1-21.pdf
6,Permanent Pasture,,,,,1,,Annual,Preharvest,Input,Variable,Preharvest - Feed - Alfalfa-Brome Hay ,,100.8,2.1 bu @ $ 120/bu     / 2.5 acres (bring it down to per acre amount),,https://www.extension.iastate.edu/AGDM/livestock/pdf/b1-21.pdf
6,Permanent Pasture,,,,,1,,Annual,Preharvest,Input,Variable,Preharvest - Feed - Corn Stalks ,,3,4 bu @ $ 3.4/bu     / 4 acres (bring it down to per acre amount),,https://www.extension.iastate.edu/AGDM/livestock/pdf/b1-21.pdf
6,Permanent Pasture,,,,,1,,Annual,Preharvest,Input,Variable,Veterinary & Health ,,10,$25 per unit / 2.5 acres (bring it down to per acre amount),,https://www.extension.iastate.edu/AGDM/livestock/pdf/b1-21.pdf
6,Permanent Pasture,,,,,1,,Annual,Preharvest,Machinery,Variable,"Machinery, Equipment, Fuel, & Repairs ",,6,$15 per unit / 2.5 acres (bring it down to per acre amount),,https://www.extension.iastate.edu/AGDM/livestock/pdf/b1-21.pdf
6,Permanent Pasture,,,,,1,,Annual,Preharvest,Other,Variable,Marketing & Miscellaneous ,,8,$20 per unit / 2.5 acres (bring it down to per acre amount),,https://www.extension.iastate.edu/AGDM/livestock/pdf/b1-21.pdf
6,Permanent Pasture,,,,,1,,Annual,Preharvest,Other,Variable,Interest on variable costs,,16.432,"8%, 6 months, applied to all variable costs",,https://www.extension.iastate.edu/AGDM/livestock/pdf/b1-21.pdf
6,Permanent Pasture,,,,,1,,Annual,Preharvest,Labor,Variable,Preharvest Labor,8,44.8,8 hours @ $14/hr     / 2.5 acres (bring it down to per acre amount),,https://www.extension.iastate.edu/AGDM/livestock/pdf/b1-21.pdf
6,Permanent Pasture,,,,,1,,Annual,Preharvest,Machinery,Fixed,"Machinery, Equipment, Housing, & Fences ",,26.04,65.10 / 2.5 acres (bring down to per acre),,https://www.extension.iastate.edu/AGDM/livestock/pdf/b1-21.pdf
6,Permanent Pasture,,,,,1,,Annual,Preharvest,Other,Fixed,Interest & Insurance on Breeding Herd,,43.28,108.20 / 2.5 acres (bring down to 1 acre),,https://www.extension.iastate.edu/AGDM/livestock/pdf/b1-21.pdf
6,Permanent Pasture,,,,,1,,Annual,Preharvest,Other,Fixed,Bull Depreciation/Replacement,,4.8,12/ 2.5 acres (bring down to 1 acre),,https://www.extension.iastate.edu/AGDM/livestock/pdf/b1-21.pdf
3,Conventional Soybean,Soybean after Corn,,,,1,,Annual,Preharvest,Machinery,Fixed,Chisel plow ,,3.6,,,
3,Conventional Soybean,Soybean after Corn,,,,1,,Annual,Preharvest,Machinery,Variable,Chisel plow ,,3.9,,,https://www.extension.iastate.edu/agdm/crops/html/a1-20.html
3,Conventional Soybean,Soybean after Corn,,,,1,,Annual,Preharvest,Machinery,Fixed,Tandem disk ,,4.6,,,https://www.extension.iastate.edu/agdm/crops/html/a1-20.html
3,Conventional Soybean,Soybean after Corn,,,,1,,Annual,Preharvest,Machinery,Variable,Tandem disk ,,3.4,,,https://www.extension.iastate.edu/agdm/crops/html/a1-20.html
3,Conventional Soybean,Soybean after Corn,,,,1,,Annual,Preharvest,Machinery,Fixed,Field cultivate ,,2.7,,,
3,Conventional Soybean,Soybean after Corn,,,,1,,Annual,Preharvest,Machinery,Variable,Field cultivate ,,2.7,,,
3,Conventional Soybean,Soybean after Corn,,,,1,,Annual,Preharvest,Machinery,Fixed,Plant ,,5.9,,,
3,Conventional Soybean,Soybean after Corn,,,,1,,Annual,Preharvest,Machinery,Variable,Plant ,,4.8,,,
3,Conventional Soybean,Soybean after Corn,,,,1,,Annual,Preharvest,Machinery,Fixed,Spray 1-2 ,,2.2,$2.20/spray,,
3,Conventional Soybean,Soybean after Corn,,,,1,,Annual,Preharvest,Machinery,Variable,Spray 1-2 ,,2,$2.00/spray,,
3,Conventional Soybean,Soybean after Corn,,,,1,,Annual,Preharvest,Inputs,Variable,Seed - Inputs,,50.8,$50.80/unit * 1 unit/acre,,https://www.extension.iastate.edu/agdm/crops/html/a1-20.html
3,Conventional Soybean,Soybean after Corn,,,,1,,Annual,Preharvest,Inputs,Variable,Phosphate - Inputs,,18.9,$0.42/lb * 45 lbs/acre,,https://www.extension.iastate.edu/agdm/crops/html/a1-20.html
3,Conventional Soybean,Soybean after Corn,,,,1,,Annual,Preharvest,Inputs,Variable,Potash - Inputs,,26.04,$0.31/lb * 84 lbs/acre,,https://www.extension.iastate.edu/agdm/crops/html/a1-20.html
3,Conventional Soybean,Soybean after Corn,,,,1,,Annual,Preharvest,Inputs,Variable,Lime - Inputs,,5.71,,,https://www.extension.iastate.edu/agdm/crops/html/a1-20.html
3,Conventional Soybean,Soybean after Corn,,,,1,,Annual,Preharvest,Inputs,Variable,Herbicide - Inputs,,55.57,,,https://www.extension.iastate.edu/agdm/crops/html/a1-20.html
3,Conventional Soybean,Soybean after Corn,,,,1,,Annual,Constant,Other,Variable,Crop Insurance,,8.8,,,https://www.extension.iastate.edu/agdm/crops/html/a1-20.html
3,Conventional Soybean,Soybean after Corn,,,,1,,Annual,Constant,Other,Variable,Miscellaneous,,10,,,https://www.extension.iastate.edu/agdm/crops/html/a1-20.html
3,Conventional Soybean,Soybean after Corn,,,,1,,Annual,Constant,Other,Variable,Interest on preharvest variable costs,,7.7848,6.0% for 8 months,,https://www.extension.iastate.edu/agdm/crops/html/a1-20.html
3,Conventional Soybean,Soybean after Corn,,,,1,,Annual,Harvest,Machinery,Fixed,Combine - Equipment ,,8.4,,,https://www.extension.iastate.edu/agdm/crops/html/a1-20.html
3,Conventional Soybean,Soybean after Corn,,,,1,,Annual,Harvest,Machinery,Variable,Combine - Equipment ,,4.1,,,https://www.extension.iastate.edu/agdm/crops/html/a1-20.html
3,Conventional Soybean,Soybean after Corn,,,,1,,Annual,Harvest,Machinery,Fixed,Grain Cart - Equipment ,,6.3,,,https://www.extension.iastate.edu/agdm/crops/html/a1-20.html
3,Conventional Soybean,Soybean after Corn,,,,1,,Annual,Harvest,Machinery,Variable,Grain Cart - Equipment ,,3,,,https://www.extension.iastate.edu/agdm/crops/html/a1-20.html
3,Conventional Soybean,Soybean after Corn,,,,1,,Annual,Harvest,Machinery,Fixed,Haul - Equipment  per bushel,,2.444303576,$0.0436482781510935/bushel * 56 bushels/acre,,https://www.extension.iastate.edu/agdm/crops/html/a1-20.html
3,Conventional Soybean,Soybean after Corn,,,,1,,Annual,Harvest,Machinery,Variable,Haul - Equipment  per bushel,,2.113433238,$0.0377398792438272/bushel * 56 bushels/acre,,https://www.extension.iastate.edu/agdm/crops/html/a1-20.html
3,Conventional Soybean,Soybean after Corn,,,,1,,Annual,Harvest,Machinery,Fixed,Handling - Equipment  per bushel,,0.98715967,$0.0176278512487621/bushel * 56 bushels/acre,,https://www.extension.iastate.edu/agdm/crops/html/a1-20.html
3,Conventional Soybean,Soybean after Corn,,,,1,,Annual,Harvest,Machinery,Variable,Handling - Equipment  per bushel,,1.082082398,$0.0193228999583855/bushel * 56 bushels/acre,,https://www.extension.iastate.edu/agdm/crops/html/a1-20.html
3,Conventional Soybean,Soybean after Corn,,,,1,,Annual,Constant,Labor,Variable,Labor - Operator,2.2,31.35,$14.25/hr * 2.2 hrs/acre,,https://www.extension.iastate.edu/agdm/crops/html/a1-20.html
3,Conventional Soybean,Soybean after Corn,,,,1,,Annual,Constant,Rent,Fixed,Cash Rent Equivalent - Land,,223,$223/acre,,https://www.extension.iastate.edu/agdm/crops/html/a1-20.html
1,Conventional Corn,Corn after Corn,Acre,,,1,,Annual,Preharvest,Machinery,Fixed,Chisel plow ,--,3.6,,,https://www.extension.iastate.edu/agdm/crops/html/a1-20.html
1,Conventional Corn,Corn after Corn,Acre,,,1,,Annual,Preharvest,Machinery,Variable,Chisel plow ,--,3.9,,,https://www.extension.iastate.edu/agdm/crops/html/a1-20.html
1,Conventional Corn,Corn after Corn,Acre,,,1,,Annual,Preharvest,Machinery,Fixed,Tandem disk ,--,4.6,,,https://www.extension.iastate.edu/agdm/crops/html/a1-20.html
1,Conventional Corn,Corn after Corn,Acre,,,1,,Annual,Preharvest,Machinery,Variable,Tandem disk ,--,3.4,,,https://www.extension.iastate.edu/agdm/crops/html/a1-20.html
1,Conventional Corn,Corn after Corn,Acre,,,1,,Annual,Preharvest,Machinery,Fixed,Apply nitrogen ,--,4.3,,,https://www.extension.iastate.edu/agdm/crops/html/a1-20.html
1,Conventional Corn,Corn after Corn,Acre,,,1,,Annual,Preharvest,Machinery,Variable,Apply nitrogen ,--,4.4,,,https://www.extension.iastate.edu/agdm/crops/html/a1-20.html
1,Conventional Corn,Corn after Corn,Acre,,,1,,Annual,Preharvest,Machinery,Fixed,Field cultivate ,--,2.7,,,https://www.extension.iastate.edu/agdm/crops/html/a1-20.html
1,Conventional Corn,Corn after Corn,Acre,,,1,,Annual,Preharvest,Machinery,Variable,Field cultivate ,--,2.7,,,https://www.extension.iastate.edu/agdm/crops/html/a1-20.html
1,Conventional Corn,Corn after Corn,Acre,,,1,,Annual,Preharvest,Machinery,Fixed,Plant ,--,5.9,,,https://www.extension.iastate.edu/agdm/crops/html/a1-20.html
1,Conventional Corn,Corn after Corn,Acre,,,1,,Annual,Preharvest,Machinery,Variable,Plant ,--,4.8,,,https://www.extension.iastate.edu/agdm/crops/html/a1-20.html
1,Conventional Corn,Corn after Corn,Acre,,,1,,Annual,Preharvest,Machinery,Fixed,Spray ,--,2.2,,,https://www.extension.iastate.edu/agdm/crops/html/a1-20.html
1,Conventional Corn,Corn after Corn,Acre,,,1,,Annual,Preharvest,Machinery,Variable,Spray ,--,2,,,https://www.extension.iastate.edu/agdm/crops/html/a1-20.html
1,Conventional Corn,Corn after Corn,Acre,,,1,,Annual,Preharvest,Inputs,Variable,Seed - Inputs,--,95.8,"$3.19/1000 kernels * 30,000 kernels/acre",,https://www.extension.iastate.edu/agdm/crops/html/a1-20.html
1,Conventional Corn,Corn after Corn,Acre,,,1,,Annual,Preharvest,Inputs,Variable,Nitrogen - Inputs,--,70.68,$0.38/lb * 186 lbs/acre,,https://www.extension.iastate.edu/agdm/crops/html/a1-20.html
1,Conventional Corn,Corn after Corn,Acre,,,1,,Annual,Preharvest,Inputs,Variable,Phosphate - Inputs,--,28.56,$0.42/lb * 68 lbs/acre,,https://www.extension.iastate.edu/agdm/crops/html/a1-20.html
1,Conventional Corn,Corn after Corn,Acre,,,1,,Annual,Preharvest,Inputs,Variable,Potash - Inputs,--,17.05,$0.31/lb * 55 lbs/acre,,https://www.extension.iastate.edu/agdm/crops/html/a1-20.html
1,Conventional Corn,Corn after Corn,Acre,,,1,,Annual,Preharvest,Inputs,Variable,Lime - Inputs,--,5.71,,,https://www.extension.iastate.edu/agdm/crops/html/a1-20.html
1,Conventional Corn,Corn after Corn,Acre,,,1,,Annual,Preharvest,Inputs,Variable,Herbicide - Inputs,--,48.36,,,https://www.extension.iastate.edu/agdm/crops/html/a1-20.html
1,Conventional Corn,Corn after Corn,Acre,,,1,,Annual,Preharvest,Inputs,Variable,Insecticide,--,15.16,,,https://www.extension.iastate.edu/agdm/crops/html/a1-20.html
1,Conventional Corn,Corn after Corn,Acre,,,1,,Annual,Constant,Other,Variable,Crop Insurance,--,9.5,,,https://www.extension.iastate.edu/agdm/crops/html/a1-20.html
1,Conventional Corn,Corn after Corn,Acre,,,1,,Annual,Constant,Other,Variable,Miscellaneous,--,10,,,https://www.extension.iastate.edu/agdm/crops/html/a1-20.html
1,Conventional Corn,Corn after Corn,Acre,,,1,,Annual,Constant,Other,Variable,Interest on preharvest variable costs,--,12.8808,6.0% for 8 months,,https://www.extension.iastate.edu/agdm/crops/html/a1-20.html
1,Conventional Corn,Corn after Corn,Acre,,,1,,Annual,Harvest,Machinery,Fixed,Combine - Equipment ,--,13.1,,,https://www.extension.iastate.edu/agdm/crops/html/a1-20.html
1,Conventional Corn,Corn after Corn,Acre,,,1,,Annual,Harvest,Machinery,Variable,Combine - Equipment ,--,6.7,,,https://www.extension.iastate.edu/agdm/crops/html/a1-20.html
1,Conventional Corn,Corn after Corn,Acre,,,1,,Annual,Harvest,Machinery,Fixed,Grain Cart - Equipment ,--,6.3,,,https://www.extension.iastate.edu/agdm/crops/html/a1-20.html
1,Conventional Corn,Corn after Corn,Acre,,,1,,Annual,Harvest,Machinery,Variable,Grain Cart - Equipment ,--,3,,,https://www.extension.iastate.edu/agdm/crops/html/a1-20.html
1,Conventional Corn,Corn after Corn,Acre,,,1,,Annual,Harvest,Machinery,Fixed Per Bushel,Haul - Equipment  per bushel,--,7.943936,$0.04/bushel * 182 bushels/acre,,https://www.extension.iastate.edu/agdm/crops/html/a1-20.html
1,Conventional Corn,Corn after Corn,Acre,,,1,,Annual,Harvest,Machinery,Variable Per Bushel,Haul - Equipment  per bushel,--,6.86868,$0.04/bushel * 182 bushels/acre,,https://www.extension.iastate.edu/agdm/crops/html/a1-20.html
1,Conventional Corn,Corn after Corn,Acre,,,1,,Annual,Harvest,Machinery,Fixed Per Bushel,Drying - Equipment  per bushel,--,9.1,$0.05/bushel * 182 bushels/acre,,https://www.extension.iastate.edu/agdm/crops/html/a1-20.html
1,Conventional Corn,Corn after Corn,Acre,,,1,,Annual,Harvest,Machinery,Variable Per Bushel,Drying - Equipment  per bushel,--,30.1392,$0.17/bushel * 182 bushels/acre,,https://www.extension.iastate.edu/agdm/crops/html/a1-20.html
1,Conventional Corn,Corn after Corn,Acre,,,1,,Annual,Harvest,Machinery,Fixed Per Bushel,Handling - Equipment  per bushel,--,3.208296,$0.02/bushel * 182 bushels/acre,,https://www.extension.iastate.edu/agdm/crops/html/a1-20.html
1,Conventional Corn,Corn after Corn,Acre,,,1,,Annual,Harvest,Machinery,Variable Per Bushel,Handling - Equipment  per bushel,--,3.516786,$0.02/bushel * 182 bushels/acre,,https://www.extension.iastate.edu/agdm/crops/html/a1-20.html
1,Conventional Corn,Corn after Corn,Acre,,,1,,Annual,Constant,Labor,Variable,Labor - Operator,2.8,39.9,2.8 hrs/acre * $14.25/hr,,https://www.extension.iastate.edu/agdm/crops/html/a1-20.html
1,Conventional Corn,Corn after Corn,Acre,,,1,,Annual,Constant,Rent,Fixed,Cash Rent Equivalent - Land,--,223,$223/acre,,https://www.extension.iastate.edu/agdm/crops/html/a1-20.html
